DateTime:,20180428_11:24:44

Total Dataset Length,Train Batch Divider,Train Batch Size,Eval Batch Size
20641,60,344,1
Control,Long
win_size,300
stride,100
start_time,1,2,3,4,5,6,7,8,9,10

Time,Epoch #,Epoch Time,Train Accuracy1,Train Cost1,Train Accuracy2,Train Cost2,Train Accuracy3,Train Cost3,Train Accuracy4,Train Cost4,Train Accuracy5,Train Cost5,Train Accuracy6,Train Cost6,Train Accuracy7,Train Cost7,Train Accuracy8,Train Cost8,Train Accuracy9,Train Cost9,Train Accuracy10,Train Cost10
20180428_11:36:27,0,274.41304087638855,0.78653101623058319,41.254738807678223,0.78832365572452545,41.289583414793015,0.78594962259133661,41.903911948204041,0.78624031841754916,41.414827883243561,0.77383721470832822,44.095740079879761,0.76700581908226018,45.800505340099335,0.76792636414368942,45.896098911762238,0.76923450330893195,45.769508183002472,0.76128876507282262,47.377691149711609,0.76085271735986071,46.764950096607208
Test Accuracy :,0.67777835832593136,0.67918909033909813,0.68822822509013015,0.69883483985579187,0.68723548774753118,0.66717174356026965,0.68760123308427823,0.68127906369193791,0.67621087831130156,0.67835310099796231
20180428_13:23:32,10,206.94352912902832,0.79084302882353463,41.266734659671783,0.79312016069889069,39.89695879817009,0.79006784260272978,40.110041439533234,0.78565892477830246,42.4772689640522,0.77824613650639851,43.279818475246429,0.76933140059312188,44.222124516963959,0.77059109310309093,45.428008079528809,0.77843992908795678,44.101152837276459,0.76589147945245106,46.911039769649506,0.77160853445529942,45.222735047340393
20180428_13:58:22,20,210.51021718978882,0.79011628925800326,40.94585970044136,0.79152132868766789,40.26593229174614,0.78798450827598576,40.817340314388275,0.79375000695387521,39.392900347709656,0.78425388733545942,42.060851842164993,0.77509690721829727,44.506200850009918,0.7810562123854955,43.147945195436478,0.77374031841754909,44.591372668743134,0.77514535983403521,44.768657505512238,0.7698643465836843,45.90393590927124
20180428_14:33:09,30,208.82326102256775,0.79786822398503621,38.76030957698822,0.80218023558457696,38.217560291290283,0.79617248972256982,39.217295199632645,0.78687016566594437,42.036515831947327,0.79530039529005692,39.969747990369797,0.78551357388496401,42.63457864522934,0.77645349800586705,44.236334681510925,0.78231590092182157,43.00077211856842,0.77383721669514971,45.117810845375061,0.77955427070458727,43.559105515480042
20180428_15:07:50,40,207.9498188495636,0.80377907156944273,37.823974370956421,0.79811047414938607,38.120403051376343,0.80518410901228588,36.901238352060318,0.80944767196973166,36.862947374582291,0.79210272034009299,40.765737414360046,0.78793605665365851,42.209710657596588,0.78594962159792581,41.509177505970001,0.79563954273859661,41.048573195934296,0.77989341715971627,43.578518867492676,0.78406008879343669,42.763732135295868
20180428_15:42:29,50,208.48744297027588,0.80300388435522718,37.635778516530991,0.80906007687250769,36.361709237098694,0.79631784260272975,39.503994226455688,0.80087209741274512,38.010448724031448,0.79597868919372561,40.275103807449341,0.7944283008575439,41.412949770689011,0.78425388336181645,42.305101871490479,0.79636629025141403,40.487856984138489,0.78047481675942743,43.574221283197403,0.78381783564885454,43.037419080734253
20180428_16:17:14,60,209.0477900505066,0.80484496653079984,37.114257395267487,0.80988372067610426,36.7602199614048,0.80954457521438594,36.65067932009697,0.80266473392645521,39.173693209886551,0.80174419383207962,37.932308495044708,0.79830426971117652,39.337910681962967,0.78793605168660485,41.577551543712616,0.79811047613620756,40.161969602108002,0.78197675546010337,43.249929904937744,0.79234496851762137,40.985016882419586
20180428_16:52:02,70,208.35438799858093,0.81836240192254384,34.100054144859314,0.81826549867788956,34.643090128898621,0.81584301988283792,35.118296653032303,0.8071220984061559,37.094620943069458,0.80116279323895767,38.825521767139435,0.80237402816613512,38.195584267377853,0.79646319250265762,39.971745133399963,0.80213179190953576,38.783348947763443,0.7908430337905884,41.141912281513214,0.79820736845334372,39.302464544773102
20180428_17:26:55,80,209.92088103294373,0.8200096835692724,34.146474659442902,0.81555232405662537,34.884033054113388,0.82170541981856027,34.716288715600967,0.81128876308600106,35.901677519083023,0.81220930616060893,36.470690757036209,0.80440892179807022,37.708634853363037,0.79631784260272975,39.189493924379349,0.80130814015865326,38.868114709854126,0.8002422521511714,39.64967268705368,0.79447675247987115,40.797406613826752
20180428_18:01:46,90,210.59854292869568,0.82548449138800306,33.253026634454727,0.8196705361207326,34.734850913286209,0.82180231908957169,34.47983181476593,0.82315890491008759,33.991532683372498,0.80862403512001035,36.929730981588364,0.81414728661378222,36.669907957315445,0.80528101126352947,38.434768915176392,0.8117248048384984,37.162986546754837,0.79147287607192995,40.423129320144653,0.80000000695387519,39.122424811124802
20180428_18:37:16,100,210.59673810005188,0.83217053214708969,31.667551517486572,0.82703488071759546,32.922159433364868,0.82727712194124858,33.09019348025322,0.82049417793750767,34.451428800821304,0.82311045428117113,33.904900372028351,0.81065891285737357,36.707103818655014,0.80373062392075856,37.922617793083191,0.81259690225124359,36.800634056329727,0.79893411497275035,40.105828613042831,0.80552326043446854,37.831881791353226
Test Accuracy :,0.66884372224254141,0.68801922775484614,0.69857359318668688,0.68801922775484614,0.68974345577093887,0.67694236898479543,0.68864621976069806,0.6795025863420241,0.67960708500966616,0.67035895292335024
20180428_20:25:31,110,219.3929419517517,0.83071704705556237,32.199311017990112,0.83047479589780171,32.383734941482544,0.82756781876087193,32.960923433303833,0.82853681147098546,33.252208292484283,0.81937983632087708,34.456032425165176,0.80920542875925705,37.147602200508118,0.81085271239280698,37.041836857795715,0.81957363684972129,35.828210353851318,0.80455426673094432,38.282266795635223,0.80809108714262645,38.033716231584549
20180428_21:01:27,120,210.42740988731384,0.83609495063622796,30.93925553560257,0.82999030152956643,32.53581565618515,0.82524223725001022,33.038159638643265,0.82911820809046433,33.372662752866745,0.81656976441542306,35.947652161121368,0.81807170112927752,35.080613762140274,0.81400193671385446,36.021916478872299,0.82257751524448397,34.303203552961349,0.80542636116345723,38.42349374294281,0.81104651490847268,36.57212832570076
20180428_21:35:42,130,203.15342807769775,0.84011626640955606,30.344580084085464,0.84341084063053129,30.260008811950684,0.83648254672686262,31.421570837497711,0.83604649901390071,31.621564775705338,0.82611433366934461,33.609399169683456,0.81860464612642925,35.726694107055664,0.81719960769017541,35.196104645729065,0.82349805633227036,34.233447283506393,0.81070736149946854,37.010285943746567,0.81274225016434987,36.019089102745056
20180428_22:09:56,140,205.62911820411682,0.84186045229434969,29.671775937080383,0.83987401823202767,30.377221792936325,0.84089146455128982,30.113750010728836,0.83885657787322998,31.284747689962387,0.83309107323487597,32.211121678352356,0.82296510934829714,34.425645977258682,0.82582363486289978,33.905728548765182,0.83018410404523213,33.715428739786148,0.81424418787161512,36.204724311828613,0.81860464711983993,35.453135997056961
20180428_22:44:20,150,208.59148597717285,0.84937014579772951,28.268253833055496,0.84142440557479858,30.229316979646683,0.83783913751443229,30.90974360704422,0.83420541683832805,32.425376385450363,0.83071704804897306,32.168087601661682,0.8264534821112951,33.819065988063812,0.81710271139939628,34.920029193162918,0.83158913652102151,33.215752393007278,0.80789729058742521,37.537809163331985,0.82030038138230643,34.666225701570511
20180428_23:19:01,160,206.01333498954773,0.85281006991863251,27.94148850440979,0.84670541683832801,29.002338916063309,0.84326548973719284,29.625237643718719,0.84152130782604218,30.399716943502426,0.83643409709135697,31.670991122722626,0.82417634924252825,34.466734051704407,0.82156007091204331,35.177179902791977,0.83590115209420524,31.654514461755753,0.81666666467984517,35.89890468120575,0.82810076673825583,33.242859035730362
20180428_23:53:40,170,207.9121220111847,0.85654068887233736,26.811099529266357,0.84961239596207938,27.888846933841705,0.8480620046456655,29.274509817361832,0.83512595891952512,31.865139365196228,0.84093990921974182,30.799208343029022,0.82722867031892144,33.512489497661591,0.82582363486289978,33.558347880840302,0.83905037343502042,31.441506624221802,0.82412789662679031,34.599010854959488,0.81937984426816302,35.000260472297668
20180429_00:28:25,180,209.84500098228455,0.85939921836058297,26.26916441321373,0.85077518324057266,27.976607650518417,0.8507267345984777,27.956409871578217,0.85009688933690386,28.008417218923569,0.84229650100072229,30.70459771156311,0.83958332141240433,30.843243300914764,0.83047479490439102,32.886362105607986,0.8344961136579514,32.601184368133545,0.82669572929541268,33.886656135320663,0.83401162028312681,32.847311049699783
20180429_01:03:10,190,209.61045289039612,0.86245154440402982,26.054116070270538,0.86283914148807528,25.643519252538681,0.84849805434544878,28.562690883874893,0.85702518622080481,27.525945603847504,0.84685076574484508,29.149999797344208,0.8391472776730855,30.860832005739212,0.83376936713854477,31.755243837833405,0.83754843771457677,31.567839026451111,0.82999029954274495,32.680879175662994,0.83551355501015978,31.745662301778793
20180429_01:38:19,200,208.23890018463135,0.86933139363924661,24.916796654462814,0.85780038138230641,27.140034824609756,0.84995154142379759,28.769306063652039,0.85092053214708963,28.697981655597687,0.85077518423398335,28.485043227672577,0.84525192876656852,29.795038342475891,0.83570735057195022,32.020017206668854,0.84733526508013413,29.271723389625549,0.83343022068341577,32.85602605342865,0.83594960371653237,32.032586604356766
Test Accuracy :,0.67218767960708503,0.67030670358952926,0.68206280369925287,0.68739223574899422,0.68148806102722193,0.68007732901405504,0.67803960499503635,0.65578138878729297,0.68012957834787602,0.67819635299649927
20180429_03:24:07,210,208.8412160873413,0.86874999801317854,24.5555240213871,0.85804262955983479,27.036497950553894,0.85615309377511339,27.007306218147278,0.8595930159091949,26.975809037685394,0.85164727667967477,28.336346209049225,0.84849805136521661,29.147394686937332,0.84176355401674907,30.209135174751282,0.84491277933120723,30.167033642530441,0.83207363486289976,32.93808725476265,0.83551355799039206,32.777888029813766
20180429_03:58:50,220,209.32642698287964,0.87204457223415377,24.512599408626556,0.8633720874786377,25.22536501288414,0.85484495560328166,27.658351182937622,0.85794573028882348,27.365579068660736,0.85634689033031464,27.360547453165054,0.853827511270841,27.800577104091644,0.84496123194694517,29.486853420734406,0.84907944699128468,28.744158506393433,0.8422964990139008,30.412104606628418,0.84215115110079453,30.478661805391312
20180429_04:35:07,230,211.95670080184937,0.86778100430965421,24.578922688961029,0.86409883201122284,25.806391000747681,0.86560077071189878,26.042026102542877,0.86351743638515477,26.238535642623901,0.85721898476282754,27.014535009860992,0.85179262459278104,28.634461849927902,0.84471897880236313,30.308081805706024,0.84718991120656328,29.240561813116074,0.84510657787322996,30.263613879680634,0.84006782074769337,31.625824421644211
20180429_05:11:10,240,218.79815196990967,0.88066860735416408,22.406607925891876,0.866472864151001,24.837823808193207,0.8642441819111506,25.718559682369232,0.86744185686111452,25.251084193587303,0.86153100331624344,26.192905455827713,0.85833332637945814,26.95956563949585,0.85353681246439617,27.238079041242599,0.85247092048327133,28.226777821779251,0.84704456230004632,29.473275721073151,0.8450581282377243,29.912413150072098
20180429_05:45:47,250,208.2461290359497,0.88197674751281741,22.026419281959534,0.87470930218696596,23.230932801961899,0.8695736408233643,24.189484506845474,0.86870154738426208,25.011287569999695,0.85988371471563974,26.39755967259407,0.85237402121225991,28.333371788263321,0.85411820809046424,27.868146389722824,0.85886627137660976,27.130330830812454,0.84399223526318867,29.843493074178696,0.84733526011308036,29.590843856334686
20180429_06:20:12,260,206.38182282447815,0.88512597382068636,21.722346678376198,0.87679263651370998,22.955921739339828,0.87509689927101131,23.655901417136192,0.86802325248718259,25.343048453330994,0.86443797945976253,26.348523080348969,0.85644378960132594,28.095156699419022,0.8607073575258255,26.48978653550148,0.8615794529517492,26.464978843927383,0.84365309079488116,30.28077158331871,0.85251937111218767,28.788107395172119
20180429_06:54:24,270,206.54520297050476,0.88730620741844179,21.256909310817719,0.87640503942966463,23.333979055285454,0.86593991816043858,25.970268458127975,0.88095930516719823,22.792063310742378,0.87160852551460266,24.382466912269592,0.86414728264013929,26.078623354434967,0.85348836282889051,27.483800530433655,0.86143410305182144,26.721442550420761,0.84704456329345701,29.630885452032089,0.85765503048896785,27.375508159399033
20180429_07:28:51,280,206.6835958957672,0.88837210039297743,20.733980432152748,0.87882752120494845,22.661683052778244,0.87747093141078947,22.915186762809753,0.86802325348059339,25.057567805051804,0.87063953280448914,24.775601983070374,0.86240309576193497,26.207942396402359,0.85717053413391109,26.78023636341095,0.86463177800178526,25.777954280376434,0.85465115507443745,27.752379029989243,0.85445735454559324,27.892193406820297
20180429_08:03:14,290,205.10792016983032,0.88682171106338503,21.371652498841286,0.87873062193393703,23.223714485764503,0.87335271239280698,24.050101101398468,0.87950581610202794,22.867842018604279,0.87606589198112483,23.56172588467598,0.86501937508583071,26.24877405166626,0.86162790060043337,26.267644643783569,0.86405038237571719,26.791175842285156,0.85906007289886477,27.507844358682632,0.85358526209990182,28.267815738916397
20180429_08:38:10,300,208.43269300460815,0.89292636414368942,20.50021930038929,0.88580426871776585,21.13298362493515,0.88294574022293093,21.793992578983307,0.8761143416166306,23.759802579879761,0.86749030649662018,25.173027187585831,0.87015503644943237,25.222666144371033,0.86361433664957687,26.022115468978882,0.86094960669676468,26.525098443031311,0.8499515404303869,29.093566626310349,0.85968991518020632,27.307910114526749
Test Accuracy :,0.66748523956319561,0.67072469826009717,0.68342128637859867,0.6822195517007158,0.66962746224985636,0.67495689429959771,0.68138356235957986,0.67223992894090601,0.67992058101259212,0.67600188097601754
20180429_10:23:35,310,209.18672490119934,0.89142442643642428,20.646403685212135,0.88357558548450466,21.85172438621521,0.8807655066251755,21.995834290981293,0.87582364380359645,23.461891859769821,0.87277131676673891,24.087693512439728,0.86981588900089268,25.667887791991234,0.86235464513301852,26.060940533876419,0.8656976699829102,25.970619976520538,0.85687983930110934,27.443789064884186,0.86075580914815264,26.571012496948242
20180429_10:58:12,320,206.16777920722961,0.89907946785291037,19.242273733019829,0.88735465705394745,21.132969737052917,0.88764535486698148,21.563177481293678,0.88221899569034579,22.148713663220406,0.87495155036449435,24.519476220011711,0.87446705400943758,23.874301642179489,0.86773255467414856,25.60579127073288,0.87625969052314756,23.774098306894302,0.85300386548042295,28.058412551879883,0.86482557753721878,25.643508344888687
20180429_11:32:46,330,207.54310083389282,0.90179264744122822,18.858452305197716,0.89287791550159457,19.781122386455536,0.89103682935237882,20.331427365541458,0.88614341616630554,21.516421675682068,0.87248061895370488,24.431400239467621,0.87543604671955111,24.011853218078613,0.86952519118785854,24.930802643299103,0.87601744234561918,24.251252025365829,0.86099805533885954,26.706095814704895,0.86584301888942716,25.797166675329208
20180429_12:07:45,340,223.7581329345703,0.89670543571313222,18.907759949564934,0.892054271697998,20.432232454419136,0.89132752716541286,20.360534220933914,0.88788760304450987,21.381444558501244,0.88125000298023226,22.746757686138153,0.87873062193393703,23.248959004878998,0.87403100728988647,23.859384953975677,0.86787790358066563,25.962920546531677,0.86274224420388534,26.545469671487808,0.86395348310470577,26.147113054990768
20180429_12:44:15,350,211.44140005111694,0.90697675744692485,17.223488122224808,0.89336241086324053,19.207076340913773,0.8885174483060837,21.101394832134247,0.88648256361484523,21.366264745593071,0.88347868621349335,21.939806878566742,0.88483527600765233,21.68251696228981,0.87151162624359135,24.791299998760223,0.88265504240989689,22.513734757900238,0.86593991816043858,25.713881462812424,0.87097868025302883,25.167552828788757
20180429_13:19:59,360,208.67595601081848,0.90145350098609922,19.054341390728951,0.89588179290294645,19.511518493294716,0.89588179290294645,20.419493913650513,0.89021318554878237,20.469343557953835,0.87906976938247683,22.59996010363102,0.8816376000642776,22.842188477516174,0.87781007885932927,23.454412370920181,0.87713178396224978,23.513890087604523,0.87214147150516508,24.594658762216568,0.8684592992067337,24.864051908254623
20180429_13:54:34,370,207.36252307891846,0.91468024551868443,16.07499161362648,0.89718993306159978,19.649884819984436,0.89210272133350377,19.919528990983963,0.89341086049874618,20.283343195915222,0.88372093439102173,22.1949652582407,0.88798450231552128,21.411530375480652,0.87495155036449435,23.865649223327637,0.88052325844764712,22.762323439121246,0.87349806129932406,24.456285208463669,0.87088178098201752,24.58809295296669
20180429_14:28:55,380,205.17227506637573,0.90944769084453581,16.612471550703049,0.90523257156213122,17.191698461771011,0.89854652285575864,18.984186932444572,0.89258721768856053,20.420095682144165,0.88309108912944789,22.153503254055977,0.89171512424945831,20.659658044576645,0.87529069781303404,23.68551829457283,0.88561047017574313,22.541141927242279,0.87470930218696596,24.179578945040703,0.87354651093482971,24.303758561611176
20180429_15:03:17,390,206.10309982299805,0.90746125380198162,17.42290073633194,0.90518412093321488,18.352635726332664,0.90242249369621275,18.859254896640778,0.89733528097470605,19.758635997772217,0.89181202352046962,20.618607982993126,0.89176357388496397,20.886402428150177,0.87645348906517029,22.956321507692337,0.88066860735416408,22.890081375837326,0.87640503942966463,23.673015087842941,0.87601744234561918,23.963642120361328
20180429_15:38:07,400,203.27399587631226,0.91637598077456162,15.124168083071709,0.9046996265649796,17.630932480096817,0.90174419780572257,18.696565002202988,0.90033915837605794,18.878859117627144,0.89326551258563991,19.988008126616478,0.88183139860630033,22.59771254658699,0.88420543074607849,22.124791741371155,0.87708333532015481,23.144073724746704,0.86986433962980902,24.457032263278961,0.87994186182816825,22.709143370389938
Test Accuracy :,0.65954334082240451,0.66403678353101003,0.680390825016981,0.6754271383039866,0.6786143476670673,0.66607450755002873,0.67683787031715348,0.6632007941898741,0.67709911698625846,0.66335754219133702
20180429_17:24:09,410,208.29633498191833,0.91937986016273499,15.125449493527412,0.90237404406070709,18.329251781105995,0.91075582901636765,16.407475411891937,0.90062985618909197,19.081186830997467,0.89098837971687317,20.503726452589035,0.89525194764137273,20.014195472002029,0.88391473293304446,22.298117250204086,0.88531977236270909,21.559258997440338,0.87364341020584102,24.163984000682831,0.87936046719551086,22.932401895523071
20180429_17:58:53,420,207.98877716064453,0.91501939694086709,16.175522446632385,0.90135660072167711,18.205057740211487,0.9108042786518733,16.544213935732841,0.89709303379058836,19.51303705573082,0.89854652186234796,18.839711889624596,0.89098837971687317,20.979552328586578,0.88032945990562439,22.371123299002647,0.88803295195102694,21.342080682516098,0.88125000298023226,22.591756865382195,0.8804263591766357,22.872329652309418
20180429_18:33:36,430,206.92123699188232,0.91632753511269882,15.736373201012611,0.90809110005696614,17.200308039784431,0.91172482073307037,16.42979884147644,0.90455427567164104,18.121390730142593,0.89951551556587217,19.362833231687546,0.89704458216826122,19.776451081037521,0.88769380450248714,20.505530163645744,0.89302326440811153,20.917267113924026,0.88478682637214656,22.08604907989502,0.87325581312179568,24.174368798732758
20180429_19:08:14,440,206.67393589019775,0.92180233697096503,14.613519281148911,0.91250001390775048,16.55966505408287,0.90678295890490213,17.71450138092041,0.90920544266700742,16.822257727384567,0.89752908051013947,19.193375065922737,0.90038760801156359,18.822700291872025,0.89307171404361729,20.119579151272774,0.89370155930519102,19.708156332373619,0.88594961762428281,21.75549128651619,0.88599806725978847,21.379206001758575
20180429_19:43:04,450,208.29939699172974,0.92824613054593408,13.04583740234375,0.91187016765276596,16.446395397186279,0.90828489959239955,17.035043627023697,0.91099807620048523,16.74600413441658,0.90465117692947383,17.64865930378437,0.90276164114475255,18.766514241695404,0.90077520608901973,18.650096833705902,0.89694768488407139,19.561907917261124,0.88212209641933437,22.141440033912659,0.87974806427955632,23.340866521000862
20180429_20:18:31,460,211.5032229423523,0.91942830483118698,15.24479928612709,0.90794574916362758,17.59542053937912,0.91366280416647594,16.859829798340797,0.90707365671793616,17.298235639929771,0.89786822795867915,19.304592236876488,0.90571706593036649,17.709917634725571,0.89733528097470605,19.174483731389046,0.89249031841754911,21.105240702629089,0.88890504439671836,20.79759107530117,0.89195737242698669,20.824423551559448
20180429_20:53:59,470,213.83175206184387,0.92427326242129004,14.633700370788574,0.91463179886341095,15.982504844665527,0.91618218123912809,15.772627532482147,0.91012598375479381,16.681318432092667,0.90334303677082062,18.351302400231361,0.90174419681231177,18.359079480171204,0.90077520608901973,18.632677346467972,0.89825582404931381,19.649542182683945,0.89098837971687317,20.569831565022469,0.89379845758279164,20.144235149025917
20180429_21:29:16,480,208.6256799697876,0.92674419780572259,13.391724213957787,0.91802326937516532,15.164565116167068,0.91332365870475773,16.550606399774551,0.90906009376049046,17.151335030794144,0.91191862126191459,16.84610290825367,0.90857559442520142,17.022081688046455,0.8900678366422653,21.760086953639984,0.90687985817591354,17.475785821676254,0.89166667461395266,21.236896827816963,0.89777132868766785,19.456045135855675
20180429_22:03:54,490,208.5960431098938,0.92819768190383911,13.479737758636475,0.921366294225057,14.543121963739395,0.92088179687658944,14.82848858833313,0.91206396917502086,16.529868364334106,0.90683141052722926,17.62951871752739,0.90019381046295166,19.348377868533134,0.8970445831616719,19.031146079301834,0.89932171603043876,19.192442074418068,0.88885659575462339,21.413381740450859,0.89278101424376166,20.562859460711479
20180429_22:39:03,500,206.9094009399414,0.93386628627777102,12.114696949720383,0.91787792046864825,15.27776100486517,0.91865311165650687,15.321271926164627,0.91419575214385984,16.224405586719513,0.91090117692947392,16.833542242646217,0.90431202848752334,18.616353556513786,0.8931686133146286,21.074783906340599,0.90552326937516525,18.391373306512833,0.8942829549312592,20.126166105270386,0.89772287905216219,19.264289930462837
Test Accuracy :,0.65076545274047759,0.65614713412403991,0.67626312764512253,0.66445477820157794,0.6665970008882387,0.66513401954125084,0.66179006217670722,0.66455927686921989,0.66440252886775697,0.65975233815768852
20180430_00:25:46,510,207.56248211860657,0.92906977633635202,13.460522443056107,0.91351745625336966,16.626445308327675,0.91816862324873605,15.658681511878967,0.91157947381337479,16.606788784265518,0.91061048010985057,16.758757740259171,0.90867249568303421,17.405145823955536,0.90096900363763177,18.581328839063644,0.90222869515419002,19.267147079110146,0.89801357587178543,19.543182104825974,0.89433140456676485,20.1075549274683
20180430_01:00:06,520,203.8464870452881,0.93357559045155847,13.029327549040318,0.92340117593606308,14.402085974812508,0.91264536281426745,17.268412247300148,0.91831396917502084,15.490318596363068,0.90833334823449452,17.111320555210114,0.90750970244407658,17.898465067148209,0.89781977534294133,19.593704178929329,0.90930234193801884,17.502767115831375,0.89844962358474734,19.125360444188118,0.89210272133350377,21.133885994553566
20180430_01:34:21,530,206.20980501174927,0.93125000695387528,13.233275212347507,0.92063954770565037,14.649524599313736,0.92262598276138308,14.453085765242577,0.91661823093891148,15.709114387631416,0.91065893173217771,16.985007092356682,0.90348838567733769,18.748591661453247,0.89956396520137782,18.939788937568665,0.90760660469532017,17.929015144705772,0.89854652186234796,19.820310220122337,0.90479652484258011,17.660433396697044
20180430_02:08:37,540,209.1871829032898,0.93381783366203308,12.883259780704975,0.92412791748841605,14.388699322938919,0.92320737739404046,14.505643025040627,0.91676358381907141,15.462757214903831,0.91647288401921589,15.49346998333931,0.90562016963958736,18.431109368801117,0.90261629025141399,18.632553339004517,0.91177326838175454,17.025529354810715,0.89772287905216219,19.828019559383392,0.90198644498984015,18.535944595932961
20180430_02:43:18,550,208.42520785331726,0.94205425381660457,10.881839625537395,0.92097869416077927,15.161679416894913,0.92417637209097547,14.283172264695168,0.91952520708243057,14.827200129628181,0.91027133266131088,17.350528582930565,0.90702520708243051,17.965716615319252,0.90591086645921071,17.520958259701729,0.91153102219104765,17.269493341445923,0.90499032338460283,18.716305390000343,0.89762597978115077,19.610672831535339
20180430_03:17:55,560,208.01532983779907,0.93599806129932406,12.474762707948685,0.92461241185665133,14.254096388816833,0.92160854438940687,15.628921359777451,0.91676358381907141,15.098165616393089,0.91497094631195064,16.635814025998116,0.91400195161501563,16.457742318511009,0.90503877401351929,18.484722495079041,0.91400195260842643,16.238597720861435,0.9028100907802582,18.732918545603752,0.90431202948093414,18.297340005636215
20180430_03:52:35,570,209.80981993675232,0.93677325844764714,12.616668678820133,0.92393412292003629,14.772176168859005,0.92393411795298264,14.870853662490845,0.92267443438371022,14.444846943020821,0.92059109707673392,15.618276625871658,0.91332365771134694,16.206495583057404,0.89951551457246148,19.508941099047661,0.908042648434639,17.332492366433144,0.90712210834026341,18.104440927505493,0.89966086248556776,19.386433944106102
20180430_04:28:25,580,220.6864719390869,0.93599805931250257,12.396217569708824,0.9294573694467545,13.054451242089272,0.93241279323895776,12.493481829762459,0.91405040125052139,16.901047840714455,0.91884691715240474,15.269649684429169,0.91802327036857601,15.347233489155769,0.90377908150355024,18.412447482347488,0.91099807620048523,16.774169832468033,0.91143412391344703,16.98894602060318,0.90460272729396818,18.714101433753967
20180430_05:04:34,590,213.8883171081543,0.93929263154665632,11.637988701462746,0.93590116302172344,12.184955455362797,0.93502907355626419,12.057038001716137,0.92131784359614055,14.595976442098618,0.91623063286145523,16.122972562909126,0.91768412391344711,15.763943180441856,0.90610466400782264,18.048110917210579,0.91027133266131088,17.888897895812988,0.91007753213246667,17.437967985868454,0.90431202848752334,18.394802108407021
20180430_05:40:04,600,208.0972340106964,0.93856588800748186,11.726968452334404,0.9322674423456192,12.519961461424828,0.92848838071028394,13.768720701336861,0.92873062590758004,13.699788503348827,0.91826551953951518,15.303806409239769,0.91361435651779177,16.302146412432194,0.91535854140917461,16.322055287659168,0.91744187474250793,15.219085440039635,0.90891474187374111,17.10053750872612,0.90823644797007241,17.437694102525711
Test Accuracy :,0.64977271539787873,0.66732849156173257,0.66816448090286851,0.66889597157636238,0.65729661946810181,0.66816448090286851,0.66722399289409062,0.65463190344323108,0.65985683682533047,0.65426615810648414
20180430_07:25:33,610,206.37119698524475,0.94156976242860158,10.807230770587921,0.93149225413799286,12.914192780852318,0.92965117394924168,13.33159264177084,0.92529070675373082,13.932926952838898,0.9216085394223531,14.84192718565464,0.92141474088033037,14.909412130713463,0.9156976888577143,15.908011227846146,0.91429265141487126,17.217008128762245,0.91206396718819938,16.62120047211647,0.9096899370352427,17.878959283232689
20180430_07:59:56,620,207.2536277770996,0.94452518026034038,10.357415519654751,0.93318798840045925,12.840827286243439,0.93735465308030441,11.589724764227867,0.92359496951103215,15.052823930978775,0.9283914854129155,13.512201711535454,0.923304271697998,14.68792687356472,0.91729652782281235,15.423815660178661,0.91351745724678035,16.815415680408478,0.90998063484827674,16.797593265771866,0.9104651321967443,16.700281292200089
20180430_08:34:27,630,209.4584891796112,0.9394379794597626,11.750262908637524,0.93764534791310628,11.710518166422844,0.93052326142787933,13.064230598509312,0.92107560038566594,15.009469076991081,0.92286823391914363,14.5999795794487,0.92257753213246663,15.280530512332916,0.91593993802865348,16.274989455938339,0.91845931708812711,15.631303668022156,0.91094962656497958,17.141862526535988,0.90828489760557807,17.614818096160889
20180430_09:09:31,640,210.22413396835327,0.94859494864940641,9.5565274581313133,0.93430232306321459,12.958353325724602,0.92843992809454601,13.562358915805817,0.93401162922382353,12.466067835688591,0.92490311066309616,13.82413986325264,0.92761628925800321,13.356262490153313,0.91845931212107346,15.626351997256279,0.91652133266131086,16.258056879043579,0.91240311364332838,17.137328192591667,0.9169089297453562,15.922965459525585
20180430_09:44:31,650,209.60934782028198,0.94437983830769856,10.7222516015172,0.94345929225285852,10.772004798054695,0.93793604274590814,11.69025231897831,0.9271802435318629,13.724417999386787,0.92732559045155838,13.779615826904774,0.92291667858759563,14.782898336648941,0.91749032735824587,15.744133740663528,0.91971900761127467,14.826931610703468,0.91438954770565029,16.102922946214676,0.91841086645921066,15.289323076605797
20180430_10:19:05,660,207.18226385116577,0.94350774288177486,11.099925227463245,0.93725774983565013,11.913728043437004,0.93759689430395765,12.317409247159958,0.93594961265722909,12.259583786129951,0.92742249270280197,13.46938793361187,0.92994186580181126,13.694443702697754,0.91501939495404561,16.72984690964222,0.92475776473681137,14.467216983437538,0.91036822994550071,17.525935277342796,0.91569768687089281,16.267466008663177
20180430_10:53:32,670,207.29910898208618,0.94689921240011854,10.152974404394627,0.93720930020014448,12.042186409235001,0.94060077369213102,11.005410298705101,0.93095930914084113,13.223382279276848,0.93032946487267809,13.425527632236481,0.93217054804166155,13.12844967097044,0.91652133464813235,15.922566965222359,0.92606590390205379,13.907350666821003,0.91395350098609929,16.244577407836914,0.91443799833456674,16.145573675632477
20180430_11:28:24,680,213.2157859802246,0.94282944897810617,11.351185150444508,0.937839146455129,11.706964306533337,0.93832364082336428,11.530180610716343,0.93318799336751301,13.132274650037289,0.92495156327883399,14.04183791577816,0.92703488965829217,14.165140464901924,0.92572675446669261,13.936811774969101,0.9191376119852066,15.739335238933563,0.91443799833456674,16.639801740646362,0.92000970443089802,14.877176940441132
20180430_12:04:01,690,214.19780611991882,0.94578486879666646,10.434125818312168,0.93968023260434463,11.149517983198166,0.9412306119998296,11.144780591130257,0.93570736547311151,11.704863637685776,0.92994186679522195,13.754216387867928,0.92655039727687838,14.711869686841965,0.92122094134489696,14.635606646537781,0.91962210834026337,15.813142776489258,0.91618218421936037,15.843355014920235,0.91778102119763694,15.300261914730072
20180430_12:41:23,700,224.91869187355042,0.95092052817344663,9.2578369826078415,0.93982557753721874,11.671812117099762,0.93934107621510821,12.00033962726593,0.93459302484989171,13.009248308837414,0.93217055002848304,12.56087988615036,0.93284884293874104,12.841754458844662,0.91986435353755946,15.099105522036552,0.92446706692377723,14.930172652006149,0.92267443239688873,14.83356499671936,0.91550389130910237,16.087908208370209
Test Accuracy :,0.64700350070536605,0.64543602069073625,0.66497727153978792,0.66346204085897909,0.65682637546371281,0.65431840744030512,0.64052458331156281,0.65290767542713835,0.66304404618841106,0.65552014211818799
20180430_14:32:39,710,217.4325578212738,0.9528585116068522,9.5334515497088432,0.94660851359367371,10.180645287036896,0.9340116331974665,12.530077569186687,0.93667635718981423,12.082681745290756,0.9369670520226161,12.341654278337955,0.93323643803596501,12.867305859923363,0.92359497149785363,14.711554855108261,0.93081395824750268,13.149460628628731,0.9227228810389837,15.112678125500679,0.91962210635344188,15.199415192008018
20180430_15:08:27,720,213.65877890586853,0.9531976580619812,9.1224089041352272,0.94646316071351366,10.192867748439312,0.94069766898949936,10.978402450680733,0.93648255666097002,12.284325659275055,0.93207364777723944,13.625556588172913,0.92945737739404044,13.694779574871063,0.92771318753560383,13.701977252960205,0.92994186778863275,13.691241666674614,0.9234980742136637,14.968350946903229,0.92131784657637283,14.796287313103676
20180430_15:44:18,730,214.5338110923767,0.95004843274752304,10.007601417601109,0.9456879754861196,10.470013573765755,0.93909883300463359,11.891520574688911,0.93420543074607854,13.036087945103645,0.93168605665365856,12.819320507347584,0.93318799038728073,12.684831008315086,0.9138081550598145,17.281915128231049,0.93100775579611461,12.997803121805191,0.92126939098040261,15.295721158385277,0.9248546610275904,14.582379549741745
20180430_16:20:07,740,214.68848299980164,0.95106587707996371,9.9233702272176743,0.94631781677405036,9.923655092716217,0.94239340225855506,11.28687547147274,0.93570736845334368,12.368884846568108,0.93599806129932406,11.852822974324226,0.93139535188674927,12.705582670867443,0.92020349999268847,15.96437580883503,0.93115310768286386,12.875689208507538,0.92761628528436024,13.794488698244095,0.92538760801156361,14.209429889917374
20180430_16:55:06,750,209.82394003868103,0.95654067893822992,8.263969574123621,0.94631781677405036,10.044907502830029,0.94709301094214127,10.049280889332294,0.94292635321617124,11.012796238064766,0.93086240589618685,13.276250205934048,0.93435078163941698,12.706895835697651,0.92054265240828193,15.970108464360237,0.9259690016508102,14.146927386522293,0.92916667660077412,13.51344295591116,0.91967055400212605,16.069914162158966
20180430_17:29:34,760,206.58853816986084,0.95038757920265193,9.5356194078922272,0.95125967363516495,9.2344669029116631,0.94132751226425171,11.554104819893837,0.9484980493783951,9.8699847981333733,0.9414244145154953,11.046228222548962,0.93202519913514459,13.514686018228531,0.92209303577740986,15.29815436899662,0.92960272232691443,13.699171267449856,0.92688954472541807,14.550951555371284,0.93226744929949446,12.985050179064274
20180430_18:04:20,770,213.39862084388733,0.95988370378812149,7.4742062911391258,0.95392439961433406,8.306018952280283,0.94389534095923111,10.732175640761852,0.94481588204701739,10.157275125384331,0.9440406848986943,10.850302204489708,0.93997092545032501,11.354139737784863,0.93052326043446854,13.541430220007896,0.93527132173379257,12.326908692717552,0.92640504837036131,14.02655728161335,0.92189923723538714,15.474707871675491
20180430_18:39:39,780,212.15537881851196,0.95741277138392133,8.2757555954158306,0.95038758317629501,9.6026016771793365,0.94975773692131038,9.8568320795893669,0.94035851856072739,11.677900083363056,0.94360464314619696,10.4278364777565,0.93783914347489672,12.21162136644125,0.93396318256855015,12.302840240299702,0.93788759609063466,11.841065101325512,0.92965117295583088,14.006356999278069,0.93008721967538199,13.166747137904167
20180430_19:14:51,790,211.0137460231781,0.95615308483441674,8.9702086076140404,0.94743215441703799,10.178791746497154,0.94709300895531967,10.434953279793262,0.94229650497436523,11.784176841378212,0.94292634725570679,10.287686847150326,0.94011627435684209,11.526096872985363,0.9246124158302943,14.475222498178482,0.93759689728418982,11.803343124687672,0.92979651689529419,13.703701019287109,0.92853682835896811,13.936067014932632
20180430_19:50:06,800,207.51381397247314,0.95901160935560859,8.2160477563738823,0.95062982837359111,9.539905920624733,0.94917634328206379,9.8437635228037834,0.94413758814334869,10.772899955511093,0.94152130981286364,11.686491169035435,0.93304263949394228,13.844289109110832,0.92810078561305998,14.578836545348167,0.93958333035310104,11.290722750127316,0.93226744731267297,13.411928966641426,0.92112404306729634,15.758821114897728
Test Accuracy :,0.64418203667903229,0.65515439678144105,0.66455927686921989,0.65870735148126858,0.66565651287946082,0.6525419300903913,0.66215580751345415,0.6482574847170699,0.65902084748419454,0.65583363812111395
20180430_21:41:46,810,211.15436220169067,0.96245153446992238,7.2264689654111862,0.95353680352369941,8.8088652342557907,0.94636626541614532,11.021581135690212,0.94539727667967477,10.226195603609085,0.94234495560328169,11.107359930872917,0.93662790656089778,12.824907034635544,0.9257267554601033,14.554369077086449,0.93498061895370488,13.101635158061981,0.9260659029086431,14.309191755950451,0.93047481179237368,12.747640661895275
20180430_22:17:30,820,214.00418305397034,0.96182168821493785,7.6199158169329166,0.9500968823830287,9.6163985729217529,0.9522771199544271,9.3608153760433197,0.94825579921404524,9.9993667602539062,0.94476742843786876,10.255727700889111,0.9384205391009649,12.42186875641346,0.93338178892930346,12.61390732228756,0.93100775976975758,13.715793266892433,0.92742249071598049,13.82358655333519,0.93125000695387528,13.573942996561527
20180430_22:53:11,830,214.6983208656311,0.96225773394107816,7.0831403881311417,0.95004843274752304,10.057241916656494,0.95155037144819898,9.2905894815921783,0.95009688635667167,9.5755437836050987,0.94559107025464373,10.561835512518883,0.93968022962411246,11.78893855959177,0.93294574121634166,12.552455924451351,0.93473837176958718,12.484988391399384,0.93769379754861193,12.608175821602345,0.92785853743553159,13.932112358510494
20180430_23:29:01,840,215.97302913665771,0.96157944003740947,7.6529465429484844,0.95266471405824027,9.6889436393976212,0.95193796654542284,9.9299048036336899,0.9526162654161453,8.7958170361816883,0.94001938104629512,11.629249781370163,0.94253875315189362,11.101927004754543,0.9363856593767802,11.956297643482685,0.93633720874786375,12.028925232589245,0.93895348409811652,11.987565003335476,0.93410853147506712,12.726084411144257
20180501_00:04:42,850,215.23078393936157,0.96279068092505138,7.5463385507464409,0.95256781280040737,9.3976104259490967,0.95310076276461286,9.5611914321780205,0.94694766302903488,10.945738270878792,0.94258720278739927,10.699360437691212,0.94408913751443224,10.6734728962183,0.93798449337482448,11.587289974093437,0.94336239695549007,11.075564287602901,0.93250969449679055,13.222859494388103,0.93788759509722397,11.879434525966644
20180501_00:40:26,860,215.88486695289612,0.95755812327067058,8.765224888920784,0.95644378264745078,8.6583267077803612,0.95847866336504617,7.9656043872237206,0.94500968058904011,11.099904205650091,0.94476743042469025,10.508284717798233,0.9437015394369761,11.129228308796883,0.93265504539012911,13.073241695761681,0.94714146057764692,10.387620389461517,0.93565891782442734,12.505533546209335,0.93435077865918481,12.9378901720047
20180501_01:16:19,870,215.18875408172607,0.95925386150677994,8.8012278974056244,0.95930230816205342,7.696393508464098,0.95382750431696572,8.9492901042103767,0.95174416899681091,9.3817190453410149,0.9480620016654332,10.038933366537094,0.94733525713284805,10.065021172165871,0.93914728363355005,11.331578031182289,0.94210270742575331,11.497419826686382,0.93464147547880805,12.81829522550106,0.93386628131071725,12.822619050741196
20180501_01:51:55,880,208.66966700553894,0.96094959576924643,8.0708241797983646,0.95595928331216173,8.7055467329919338,0.9526162664095561,9.5062016472220421,0.95227711399396264,9.1083199679851532,0.94723835686842606,10.32718351483345,0.94597866833209987,10.463094063103199,0.93202520211537676,12.89054548740387,0.9430232465267181,11.341658867895603,0.93866278926531477,11.81452452391386,0.93270349502563477,12.993664987385273
20180501_02:26:38,890,209.11012506484985,0.95697672963142399,8.7818552255630493,0.9573158740997314,8.0666765533387661,0.94970928827921552,10.698364421725273,0.95227711598078413,8.92293830960989,0.94970928927262621,9.8836193233728409,0.94757750630378723,10.233810342848301,0.93890503942966463,11.980177998542786,0.93832363684972131,12.705266818404198,0.93948642710844676,11.876828595995903,0.93381783366203308,12.892118781805038
20180501_03:01:51,900,208.34092617034912,0.96274223327636721,7.995870117098093,0.96061044633388515,7.6016007587313652,0.95416664878527324,9.7183686494827271,0.95092052916685743,9.707952693104744,0.95082362790902453,9.432631716132164,0.95004843274752304,9.4064411669969559,0.94437983632087708,10.564200639724731,0.94646316468715663,10.33515676856041,0.93696705301602679,12.324862316250801,0.93822674651940663,12.163432277739048
Test Accuracy :,0.64256230733058151,0.65207168608600241,0.66137206750613931,0.66231255551491719,0.66053607816500337,0.65311667276242225,0.66001358482679351,0.64423428601285337,0.65666962746224988,0.64475677935106324
20180501_04:50:36,910,220.38243794441223,0.9706395208835602,5.8808636404573917,0.96157944103082016,7.0335088409483433,0.95833331644535069,8.1706052422523499,0.95004843672116601,10.104946836829185,0.95111432572205856,9.0453154034912586,0.94379844268163049,11.024077333509922,0.94089146852493288,11.646502137184143,0.93924418191115067,12.313641175627708,0.93725774884223934,12.878329671919346,0.93691860536734262,12.522016733884811
20180501_05:25:40,920,206.864009141922,0.96148254275321965,7.5452786982059479,0.9617732375860214,7.5424515120685101,0.95566858748594918,8.5216036662459373,0.95402130285898845,9.1183003261685371,0.94660851657390599,10.207413882017136,0.94757750630378723,10.223853953182697,0.93420543074607854,13.20870453864336,0.94772285223007202,10.228302016854286,0.93759689728418982,11.825529769062996,0.93633720775445306,12.973457761108875
20180501_06:00:05,930,206.34330296516418,0.96322672863801317,7.529002096503973,0.95857556462287907,7.8502061069011688,0.95624998311201737,8.7449145913124084,0.95721897582213089,8.5370815694332123,0.95479649305343628,8.8780649602413177,0.94341084361076355,11.234124638140202,0.9448158800601959,10.512029036879539,0.94820734759171799,10.443758949637413,0.94089146455128991,11.361201658844948,0.94374999205271404,10.82920640707016
20180501_06:34:50,940,211.99399304389954,0.96133719484011337,7.9092709831893444,0.96312982837359107,7.2177812866866589,0.95930230816205342,8.0274976678192616,0.95469959576924646,8.8308108001947403,0.95460269749164584,8.8975815996527672,0.94752905567487078,10.520899653434753,0.93696705798308055,12.691262140870094,0.95019378364086149,9.5281410813331604,0.94113371272881829,11.78752638399601,0.94554262558619184,10.535773351788521
20180501_07:10:05,950,211.96599102020264,0.96637595295906065,6.9092493802309036,0.958430215716362,8.7021258510649204,0.95910851061344149,8.3579807840287685,0.95479649603366856,8.375085711479187,0.95203486283620198,8.9925020337104797,0.94583332439263657,10.903765752911568,0.94060077369213102,11.185766741633415,0.95169571836789446,9.3659030497074127,0.94602712293465929,10.531238868832588,0.94147286613782244,11.463190533220768
20180501_07:45:19,960,211.76850199699402,0.96632750431696579,7.3695947118103504,0.96007750332355501,8.1194404810667038,0.96429261962572732,7.2117253094911575,0.95460269550482435,8.9422382116317749,0.94685076177120209,10.397616133093834,0.95116277337074284,9.3213760703802109,0.94922479291756945,9.8747523166239262,0.94423448642094931,10.976819396018982,0.94273254970709486,10.973584666848183,0.93628876109917958,13.350725032389164
20180501_08:20:19,970,210.8583161830902,0.97049417197704313,5.7472836077213287,0.96632750332355499,6.5903224106878042,0.95750967363516493,8.9302841573953629,0.9603197505076726,8.1211885288357735,0.95440889596939082,8.8065933138132095,0.94486432870229087,11.276110619306564,0.94316859543323517,10.743935734033585,0.95528098940849304,8.6973858922719955,0.94549417694409688,10.47307525575161,0.94287789762020113,10.74211648106575
20180501_08:55:16,980,209.9297788143158,0.96889533400535588,5.9219589717686176,0.96051354805628464,8.2898737639188766,0.96119184295336402,7.9579318463802338,0.95780037045478816,8.2782128974795341,0.95334300200144451,8.9599635973572731,0.95251936217149102,9.2744245454668999,0.94370153844356541,11.323352538049221,0.9535368045171102,9.1637850403785706,0.94903099040190375,10.041748024523258,0.93759690125783279,12.452732004225254
20180501_09:30:16,990,209.6123468875885,0.97156006395816807,5.4509100373834372,0.96298448046048479,6.8945092707872391,0.96249998311201734,7.5149112157523632,0.96157944003740947,7.7329524643719196,0.9481589029232661,11.297906816005707,0.95155037244160967,9.5101233124732971,0.94302324752012889,11.658389180898666,0.95009688337643938,10.219370275735855,0.93561047017574306,13.087565138936043,0.9420058071613312,11.516171395778656
20180501_10:08:06,1000,210.282124042511,0.97306200265884402,5.1866345461457968,0.97156006395816807,5.2921052575111389,0.96535851061344147,6.7616670578718185,0.96661820113658903,6.1839495934545994,0.96409882009029391,6.7728627882897854,0.96080424586931867,7.2845307849347591,0.95528098940849304,7.9658756032586098,0.96036819815635677,7.6497913673520088,0.95571703513463335,8.1577315554022789,0.95600773294766739,8.1838545948266983
Test Accuracy :,0.64527927268927321,0.65839385547834262,0.66017033282825643,0.66367103819426299,0.66126756883849735,0.65875960081508955,0.66393228486336797,0.65086995140811954,0.65536339411672506,0.65139244474632951
